{"cameraMode":{"drawMode":0,"name":"Shaded","section":"Shading Mode"},"sceneLighting":false,"audioPlay":false,"sceneViewState":{"m_AlwaysRefresh":false,"showFog":true,"showSkybox":false,"showFlares":true,"showImageEffects":true,"showParticleSystems":true,"showVisualEffectGraphs":true,"m_FxEnabled":true},"in2DMode":false,"pivot":{"x":205.03280639648438,"y":-81.12118530273438,"z":1854.7244873046875},"rotation":{"x":0.08530591428279877,"y":-0.02856573276221752,"z":0.007184199057519436,"w":0.9968793392181397},"size":1142.820068359375,"orthographic":false}