{"cameraMode":{"drawMode":0,"name":"Shaded","section":"Shading Mode"},"sceneLighting":false,"audioPlay":false,"sceneViewState":{"m_AlwaysRefresh":false,"showFog":true,"showSkybox":false,"showFlares":true,"showImageEffects":true,"showParticleSystems":true,"showVisualEffectGraphs":true,"m_FxEnabled":true},"in2DMode":false,"pivot":{"x":13.419977188110352,"y":8.23412799835205,"z":15.358545303344727},"rotation":{"x":-0.007943966425955296,"y":-0.9683828949928284,"z":0.04494817554950714,"w":-0.24790559709072114},"size":3.5368447303771974,"orthographic":false}