{"cameraMode":{"drawMode":0,"name":"Shaded","section":"Shading Mode"},"sceneLighting":true,"audioPlay":false,"sceneViewState":{"m_AlwaysRefresh":false,"showFog":true,"showSkybox":true,"showFlares":true,"showImageEffects":true,"showParticleSystems":true,"showVisualEffectGraphs":true,"m_FxEnabled":true},"in2DMode":false,"pivot":{"x":707.6978149414063,"y":247.12335205078126,"z":-110.2781982421875},"rotation":{"x":-0.2737221121788025,"y":0.059677381068468097,"z":-0.017019471153616906,"w":-0.9598067402839661},"size":440.71466064453127,"orthographic":false}